Open,High,Low,Close,Adj Close,Volume
3279.389892578125,3279.989990234375,3176.25,3189.780029296875,3189.780029296875,4523100
