Open,High,Low,Close,Adj Close,Volume
6.96999979019165,7.0,6.880000114440918,6.929999828338623,6.929999828338623,849800
