Open,High,Low,Close,Adj Close,Volume
6.96999979019165,6.980000019073486,6.960000038146973,6.974999904632568,6.974999904632568,76224
