Open,High,Low,Close,Adj Close,Volume
3.2269999980926514,3.319000005722046,3.2149999141693115,3.2839999198913574,3.2839999198913574,84768632
