Open,High,Low,Close,Adj Close,Volume
3.6700000762939453,3.802999973297119,3.6480000019073486,3.7660000324249268,3.7660000324249268,21734532
